step,student_type,topic,difficulty,question_type,q_clarity,q_relevance,q_difficulty_fit,q_type_fit,q_rationale,q_avg,judge_score,system_score,score_gap,score_agreement,verdict,missing_points,hop_depth_score,hop_comment
204,strong,Object Oriented Programming,advanced,factual,5,5,4,5,"The question is well-written, accurately reflects the topic of Object Oriented Programming, and requires factual recall to answer correctly.",4.75,0.5,0.973,-0.473,0.527,partial,understanding of static vs non-static functions and how pointer to class member works,-1,n/a (factual)
267,strong,Object Oriented Programming,intermediate,factual,5,5,4,5,"The question is well-written, clearly defining the purpose of a destructor and its difference from a constructor, making it easy to understand.",4.75,0.9,1.0,-0.1,0.9,correct,none,-1,n/a (factual)
153,strong,Destructors,basic,evaluative,5,5,4,5,"The question is well-worded, directly assessing the user's understanding of when to use a user-defined destructor and its implications on shutdown procedures.",4.75,0.7,0.934,-0.234,0.766,partial,acknowledging potential issues with user-defined destructors,0,
10,strong,Object Oriented Programming,advanced,factual,5,5,4,5,"The question is well-worded, accurately tests advanced OOP knowledge, and requires factual recall.",4.75,0.9,0.93,-0.03,0.97,correct,none,-1,n/a (factual)
234,strong,Object Oriented Programming,intermediate,factual,4,5,4,5,"The question is well-worded and requires recalling the purpose of using a pointer to class member, making it a factual question that genuinely tests knowledge of object-oriented programming.",4.5,1.0,0.931,0.069,0.931,correct,none,-1,n/a (factual)
283,weak,Operator Functions as Friend Functions,basic,factual,5,5,4,5,"The question is well-worded, accurately tests knowledge of operator functions as friend functions, and matches the basic difficulty level.",4.75,-1.0,0.785,0.0,-1.0,,,-1,n/a (factual)
267,weak,Operator Functions as Friend Functions,basic,inferential,5,5,4,5,"The question requires the learner to connect the concept of overloading operators as friend functions with commutative behavior in binary operations, demonstrating strong inferential reasoning.",4.75,0.5,0.581,-0.081,0.919,partial,"non-member function definitions that can access private or protected members, and the specific example of adding integer and Point objects",5,"This question requires connecting the idea that overloading operators as friend functions enables commutative behavior to the specific code block, which involves understanding how non-member function definitions can access private or protected members."
165,weak,Destructors,advanced,inferential,4,5,5,5,"The question requires the student to connect ideas about operator syntax, function arguments, and friend functions to infer the correct number of arguments for a unary operator.",4.75,0.5,0.767,-0.267,0.733,partial,relationship between operator operands and function arguments not explicitly stated,0,
10,weak,Constructors,basic,evaluative,5,5,4,5,"The question requires the student to evaluate and compare the design tradeoffs of different constructor types, demonstrating a clear understanding of their advantages and disadvantages.",4.75,0.5,0.705,-0.205,0.795,partial,more explicit initialization of object properties and validation logic,5,"This question requires students to evaluate the design tradeoffs and consider the implications of using a parameterized constructor, demonstrating a deep understanding of the concept."
78,weak,Destructors,basic,inferential,5,5,4,5,"The question requires the student to infer how the number of operands affects the syntax for overloading operators using member functions, demonstrating a clear understanding of the topic.",4.75,0.5,0.915,-0.415,0.585,partial,some key points missing,3,"The question requires some inferential reasoning to connect the concept of number of operands with the syntax for overloading operators, but the answer can still be found by reading a single sentence in the reference that explicitly states the difference between unary and binary operators."
