step,student_type,topic,difficulty,question_type,question,student_answer,reference_answer,semantic_score,keyword_score,nli_score,completeness,final_score,reward,mastered_count
1,strong,Object Oriented Programming,basic,inferential,How does the use of constructors (Concept A) enable the pointer operations in the given code? Explain why.,"The use of constructors enables pointer operations by initializing object members with specific values. In this example, the default constructor of the `Simple` class initializes the `a` member variable, which is then accessible through a pointer to the object. This ensures that objects are properly initialized before being manipulated through pointers, preventing undefined behavior and ensuring predictable results.","The use of constructors (Concept A) enables the pointer operations in the given code by allowing objects to be initialized with specific values. In the example provided, the constructor for the `Simple` class is not explicitly defined, but we can infer its role in initializing object members.

In the code snippet:
```cpp
int main() {
    Simple obj;
    // ...
}
```
The `obj` object is created using the default constructor of the `Simple` class. This constructor initializes the `a` member variable with a default value, which is not specified in this example.

When we create a pointer to the `Simple` class:
```cpp
Simple* ptr;
ptr = &obj;
```
The pointer `ptr` points to the object `obj`, which has been initialized using its constructor. This allows us to access and manipulate the members of the `Simple` class through the pointer.

In particular, the code snippet:
```cpp
cout << obj.ar;
cout << ptr->ar;
```
Assumes that the `ar` member variable exists in the `Simple` class. Since the constructor initializes the `a` member variable (not explicitly mentioned as `ar`), we can infer that the `ar` member is likely an alias or a typo for `a`.

The use of constructors ensures that objects are properly initialized, which is essential for pointer operations to work correctly. Without a constructor, the object's members would not be initialized, and attempting to access them through a pointer would result in undefined behavior.

In summary, the use of constructors enables pointer operations by initializing object members with specific values, allowing us to create and manipulate objects safely and predictably.",0.86,0.312,1.0,0.846,0.431,0.59412,0
2,strong,Object Oriented Programming,basic,inferential,"Here is a potential inferential question that requires the student to use the relationship between copy constructors and initialization lists:
{
 ""What happens when `String t = s;` is executed in the given code, and how does this relate to the concept of constructors with initialization lists?"",","When `String t = s;` is executed, a shallow copy of the object `s` is created for `t`, which is achieved through the invocation of the copy constructor `String(const String& s)`. This process exemplifies the concept of constructors with initialization lists, as the copy constructor utilizes an initialization list to initialize the `data` member of the new object `t` by copying the value from the original object `s`.","When `String t = s;` is executed in the given code, a shallow copy of the object `s` is created for `t`. This is because the copy constructor `String(const String& s)` is called, which simply copies the address of `s.data` to `t.data`, without creating a new memory allocation.

This relates to the concept of constructors with initialization lists in that the copy constructor is an example of a constructor that uses an initialization list. In this case, the initialization list initializes the `data` member of the new object `t` by copying the value from the original object `s`.

In other words, when we write `String t = s;`, the compiler calls the copy constructor to initialize the new object `t`. The copy constructor uses an initialization list to initialize the `data` member of `t` with the value from `s`. This is a specific example of how constructors with initialization lists are used in C++ programming.",0.921,0.417,1.0,0.778,0.889,0.6124,0
3,strong,Object Oriented Programming,basic,factual,"Here is a factual question and its reference answer:
{
 ""What are destructors in Object Oriented Programming?"",","Destructors in Object-Oriented Programming are special member functions that are automatically called when an object goes out of scope or is explicitly deleted. Their primary purpose is to release any system resources, such as memory, files, or other handles, that the object may have acquired during its lifetime. This ensures that no memory leaks or resource conflicts occur when the object is no longer needed, promoting good programming practices and preventing potential issues.","Based on the provided context, which focuses on ""Constructors and its types"", ""Destructors"", and ""Pointers to class members"" in Object-Oriented Programming (OOP), I will answer the question:

""What are destructors in Object Oriented Programming?""

Answer: Destructors in Object-Oriented Programming (OOP) are special member functions of a class that are automatically called when an object goes out of scope or is explicitly deleted. They are used to release any system resources, such as memory, files, or other handles, that the object may have acquired during its lifetime.

In other words, destructors are responsible for cleaning up after an object's use, ensuring that no memory leaks or resource conflicts occur when the object is no longer needed.

This answer is based solely on the provided context, which mentions constructors and destructors as distinct concepts in OOP.",0.872,0.541,0.25,1.0,0.781,0.48244,0
4,strong,Object Oriented Programming,basic,factual,"Here is one factual question:
{ ""In the following code block, what does `ptr = &obj;` do?"", ""reference_answer"": ""The line `ptr = &obj;` assigns the memory address of the object `obj` to the pointer variable `ptr`. This allows the pointer `ptr` to access and manipulate the data members of the class `Simple`, including its member variables such as `a`. The code is demonstrating how to define a pointer of class type and use it to access and modify the data members of an object.""}","The line `ptr = &obj;` assigns the memory address of the object `obj` to the pointer variable `ptr`, effectively allowing the pointer to access and manipulate the data members of the class `Simple`. This includes its member variables such as `a`, enabling operations like reading or modifying their values.","{""question"": ""In the following code block, what does `ptr = &obj;` do?"",  ""The line `ptr = &obj;` assigns the memory address of the object `obj` to the pointer variable `ptr`. This allows the pointer `ptr` to access and manipulate the data members of the class `Simple`, including its member variables such as `a`. The code is demonstrating how to define a pointer of class type and use it to access and modify the data members of an object.""} Code block: class Data { public:",0.85,0.566,1.0,0.75,0.845,0.4962466666666666,0
5,strong,Object Oriented Programming,basic,evaluative,"{
 ""If you had to choose between Parameterized Constructor and Default Constructor for a large codebase, which would you pick and why?"",","I would choose a Parameterized Constructor for a large codebase. This is because each object may have unique characteristics that need to be set during its creation, and a Parameterized Constructor allows me to specify these values when creating an object. For instance, in a `sum` class, I can create objects with specific values for `x` and `y`, such as `sum s1(10, 20);`. This approach provides more control over the creation of objects and helps maintain consistency throughout the codebase.","I'd choose the Parameterized Constructor for a large codebase. Here's why:

In a large codebase, I would expect that objects of a class will be created with specific values passed as parameters to the constructor. This is because each object may have unique characteristics or properties that need to be set during its creation.

A Parameterized Constructor allows me to specify these values when creating an object, which ensures that each object has the correct initial state. For example, in the `sum` class, I can create objects with specific values for `x` and `y`, such as `sum s1(10, 20);`. This approach provides more control over the creation of objects and helps maintain consistency throughout the codebase.

In contrast, a Default Constructor would create an object with default values, which might not be suitable for all scenarios. While it's true that a Default Constructor can provide a ""safety net"" by ensuring that objects are created with some initial state, I believe that a Parameterized Constructor is more flexible and provides better control over the creation of objects.

Overall, given the complexity of a large codebase, I would opt for the Parameterized Constructor to ensure that each object has the correct initial state and to provide more flexibility in creating objects.",0.898,0.477,1.0,0.778,0.702,0.06456799999999999,0
6,strong,Constructors,basic,inferential,How does the concept of a default constructor enable the creation of objects with specific initial values?,"The concept of a default constructor enables the creation of objects with specific initial values by providing a way to initialize an object's data members when it is created. This is achieved by allowing the developer to specify the initial state of the object's attributes, such as the radius in the Circle class example. When an object is instantiated, the default constructor is called implicitly, setting the initial value of its attributes and preparing it for meaningful calculations and results.","The concept of a default constructor enables the creation of objects with specific initial values by providing a way to initialize an object's data members when an object is created. A default constructor is a special type of constructor that takes no arguments and is used to initialize an object's data members with default or meaningful values.

In the given code, the Circle class has a default constructor that initializes the radius variable with the value passed as an argument. This means that when an object of the Circle class is created, its radius variable will be initialized with the specified value. For example, in the line `Circle circle2();`, the default constructor is called implicitly to initialize the radius variable of the circle2 object.

This enables the creation of objects with specific initial values because the default constructor can set the initial state of an object's data members. In this case, the Circle class's radius variable is initialized with a specific value when an object is created, which allows for meaningful calculations and results to be obtained using the getArea() method.

Therefore, the concept of a default constructor plays a crucial role in enabling the creation of objects with specific initial values, allowing developers to define the initial state of their class's data members.",0.893,0.431,1.0,1.0,0.766,0.73768,0
7,strong,Constructors,basic,factual,What is an important difference between constructors and other functions?,"A crucial distinction between constructors and other functions lies in their return type. Unlike regular functions, constructors cannot specify a return value, not even void. This is reflected in their declaration, which lacks any return type. In essence, the constructor's sole purpose is to initialize an object when it is created, making its primary focus on setting up the object's state rather than returning a value.","An important difference between constructors and other functions is that constructors cannot return values, so they cannot specify a return type (not even void). This means that constructors are declared without any return type. The constructor is invoked whenever an object of its associated class is created.",0.899,0.45,0.25,1.0,0.754,0.40599999999999997,0
8,strong,Object Oriented Programming,basic,evaluative,Compare the design tradeoffs of Dynamic Constructor and Copy Constructor for a memory-constrained system.,"In a memory-constrained system, the design tradeoffs between Dynamic Constructor and Copy Constructor hinge on the specific requirements of the application. The Dynamic Constructor approach allocates memory dynamically using `new`, which is suitable when data member sizes vary during execution. However, this approach can lead to memory leaks if not properly managed through the destructor. On the other hand, the Copy Constructor creates a deep copy of an existing object, but may result in increased memory usage if not implemented efficiently. Ultimately, the choice between these approaches depends on whether managing varying data member sizes or creating deep copies is more critical for the application's functionality.","Comparing the design tradeoffs of Dynamic Constructor and Copy Constructor for a memory-constrained system:

Dynamic Constructor:

* Allocates memory dynamically using `new` operator in the constructor.
* This approach is suitable when the object's data member size is not fixed or varies during execution.
* In a memory-constrained system, this approach can lead to memory leaks if the allocated memory is not released properly through the destructor.

Copy Constructor:

* Creates a copy of an existing object using the `sum(sum &j)` syntax.
* This approach is suitable when creating a new object that is a deep copy of another object.
* In a memory-constrained system, this approach can lead to increased memory usage if not implemented efficiently.

Tradeoffs:

* Dynamic Constructor:
	+ Pros: Can handle varying data member sizes, but may lead to memory leaks if not properly managed.
	+ Cons: May lead to memory leaks if not properly managed, and requires careful management of allocated memory.
* Copy Constructor:
	+ Pros: Creates a deep copy of an existing object, which can be useful in certain scenarios. However, it may lead to increased memory usage.
	+ Cons: May lead to increased memory usage, especially if the copied objects have large data members.

In a memory-constrained system, the design tradeoffs between Dynamic Constructor and Copy Constructor depend on the specific requirements of the application. If the object's data member size is fixed or can be managed efficiently, the Dynamic Constructor approach may be suitable. However, if creating deep copies of objects is necessary, the Copy Constructor approach may be more suitable.

In conclusion, both Dynamic Constructor and Copy Constructor have their own design tradeoffs in a memory-constrained system. The choice between these approaches depends on the specific requirements of the application and the need to manage memory efficiently.",0.893,0.552,0.25,0.7,0.438,0.16508,0
9,strong,Object Oriented Programming,basic,evaluative,"Under what conditions would you prefer Shallow copying over Deep copying? Justify your choice.


#include <iostream>
using namespace std;
class Cero {
    Cero() { // Constructor
        cout << ""Welcome to the constructor! \n"";
    }
    ~Cero() { // Destructor
        cout << ""The destructor is now running. \n"";
    }
};
int main()
{
    Demo demoObject; // Define a demo object;
    cout << ""This program demonstrates an object "";
    cout << ""which has a constructor and destructor.\n"";
    return 0;
}","I would prefer Shallow copying over Deep copying when the objects being copied are relatively small and do not contain complex data structures that require deep copying. Additionally, if the objects have a large number of elements or attributes that need to be preserved but can share references safely between the original and copy objects, Shallow copying is preferred. This approach is generally faster and more efficient, avoiding unnecessary memory allocation and deallocation, which is beneficial in scenarios where memory management is critical.","Based on the provided context, I would prefer Shallow copying over Deep copying under the following conditions:

1. When the objects being copied are relatively small and do not contain complex data structures that require deep copying.
2. When the objects being copied have a large number of elements or attributes that need to be preserved, but the actual values or references can be safely shared between the original and copy objects.

In these situations, Shallow copying would be preferred because it is generally faster and more efficient than Deep copying. Additionally, Shallow copying can help avoid unnecessary memory allocation and deallocation, which can be beneficial in scenarios where memory management is critical.

For example, consider a class `String` that has a character array as its data member. If we want to create a copy of this object, Shallow copying would involve simply copying the reference to the original character array, whereas Deep copying would require creating a new character array and copying all the characters from the original array to the new one.

In this case, Shallow copying would be preferred because it is faster and more efficient, especially if the string is large. However, if the string is small or contains complex data structures that need to be preserved, Deep copying might be a better choice.

Overall, the decision between Shallow and Deep copying depends on the specific requirements of the application and the characteristics of the objects being copied.",0.91,0.438,0.25,0.86,0.517,0.21330857142857143,0
10,strong,Object Oriented Programming,basic,evaluative,A developer argues that dynamic constructors make default arguments unnecessary. Evaluate this claim.,"The claim that dynamic constructors make default arguments unnecessary is incorrect. Default arguments provide a way to specify values for constructor parameters when they are not provided by the user, which is particularly important when writing constructors with multiple parameters. This allows users to omit some parameters and still create objects with meaningful values, as seen in the example where an object's `x` member can be initialized to 10 if no value is provided. Dynamic constructors, on the other hand, allocate memory dynamically based on the size of an object's data members, which does not eliminate the need for default arguments.","The claim that dynamic constructors make default arguments unnecessary is incorrect.

Dynamic constructors are used to allocate memory during object creation when the size of the data members is not fixed. This can be useful when working with objects that have varying sizes or complex structures. However, this does not eliminate the need for default arguments in constructors.

Default arguments provide a way to specify values for constructor parameters that are not provided by the user. This is particularly important when writing constructors that take multiple parameters, as it allows the user to omit some of those parameters and still create an object with meaningful values.

For example, consider the following code:
```cpp
class sum {
public:
    int x;
    sum(int i = 10) { x = i; }
};
```
In this case, if a user creates an object without providing a value for `x`, the default argument of 10 will be used. This is useful because it allows the user to create objects with meaningful values even when they don't provide all the necessary information.

Dynamic constructors do not eliminate the need for default arguments in this scenario. Instead, they provide a way to allocate memory dynamically based on the size of the object's data members, which can be useful in certain situations. However, it does not change the fact that default arguments are still necessary and useful in many cases.

Therefore, the claim that dynamic constructors make default arguments unnecessary is incorrect.",0.886,0.458,1.0,0.75,0.891,0.1483114285714286,0
